<?xml version='1.0' encoding='utf-8'?>
<!DOCTYPE hibernate-configuration PUBLIC
        "-//Hibernate/Hibernate Configuration DTD 3.0//EN"
        "http://hibernate.sourceforge.net/hibernate-configuration-3.0.dtd">
<hibernate-configuration>
<session-factory>
	<property name="connection.driver_class">
		com.mysql.jdbc.Driver
	</property>
	<property name="connection.url">
		jdbc:mysql://localhost:3306/CompanyWebsite
	</property>
	<!-- 
		username
	-->
	<property name="connection.username">root</property>
	<!-- 
		password
	-->
	<property name="connection.password">123</property>
	<!--
		<property name="hbm2ddl.auto">update</property>
	-->
	<property name="show_sql">true</property>
	<mapping resource="com/cc/company/domain/Admin.hbm.xml" />
	<mapping resource="com/cc/company/domain/Article.hbm.xml" />
	<mapping resource="com/cc/company/domain/Message.hbm.xml" />
	<mapping resource="com/cc/company/domain/Notice.hbm.xml" />
	<mapping resource="com/cc/company/domain/ProductInfo.hbm.xml" />
	<mapping resource="com/cc/company/domain/CompanyInfo.hbm.xml" />
	<mapping resource="com/cc/company/domain/User.hbm.xml" />


</session-factory>
</hibernate-configuration>