<?xml version="1.0" encoding="UTF-8"?>
<beans xmlns="http://www.springframework.org/schema/beans"
	xmlns:aop="http://www.springframework.org/schema/aop" xmlns:context="http://www.springframework.org/schema/context"
	xmlns:tx="http://www.springframework.org/schema/tx" xmlns:xsi="http://www.w3.org/2001/XMLSchema-instance"
	xsi:schemaLocation="http://www.springframework.org/schema/beans
           http://www.springframework.org/schema/beans/spring-beans-2.5.xsd
           http://www.springframework.org/schema/aop 
           http://www.springframework.org/schema/aop/spring-aop-2.5.xsd
           http://www.springframework.org/schema/context
           	http://www.springframework.org/schema/context/spring-context-2.5.xsd
           	http://www.springframework.org/schema/tx 
           	http://www.springframework.org/schema/tx/spring-tx-2.5.xsd">
           	
           	
 	<import resource="applicationContext-db.xml"/>
	<import resource="applicationContext-user-manage.xml"/>
	<import resource="applicationContext-user.xml"/>
	<import resource="applicationContext-admin.xml"/>
	<import resource="applicationContext-notice-manage.xml"/>
	<import resource="applicationContext-article-manage.xml"/>
	<import resource="applicationContext-fileUpload.xml"/>
	<import resource="applicationContext-productInfo-manage.xml"/>
	<import resource="applicationContext-companyInfo-manage.xml"/>
	<import resource="applicationContext-message-manage.xml"/>
	<import resource="applicationContext-productInfo.xml"/>
	<import resource="applicationContext-notice.xml"/>
	<import resource="applicationContext-article.xml"/>
	<import resource="applicationContext-info.xml"/>
	<import resource="applicationContext-message.xml"/>
 </beans>