<?xml version="1.0" encoding="UTF-8"?>
<beans xmlns="http://www.springframework.org/schema/beans"
	xmlns:aop="http://www.springframework.org/schema/aop" xmlns:context="http://www.springframework.org/schema/context"
	xmlns:tx="http://www.springframework.org/schema/tx" xmlns:xsi="http://www.w3.org/2001/XMLSchema-instance"
	xsi:schemaLocation="http://www.springframework.org/schema/beans
           http://www.springframework.org/schema/beans/spring-beans-2.5.xsd
           http://www.springframework.org/schema/aop 
           http://www.springframework.org/schema/aop/spring-aop-2.5.xsd
           http://www.springframework.org/schema/context
           	http://www.springframework.org/schema/context/spring-context-2.5.xsd
           	http://www.springframework.org/schema/tx 
           	http://www.springframework.org/schema/tx/spring-tx-2.5.xsd">
 
 	
 	<bean id="articleDao" class="com.cc.company.dao.impl.ArticleDaoImpl">
 		<property name="sessionFactory">
 			<ref bean="sessionFactory"/>
 		</property>
 	</bean>
 	
 	<bean id="articleService" class="com.cc.company.service.impl.ArticleServiceImpl">
 		<property name="articleDao">
 			<ref bean="articleDao"/>
 		</property>
 	</bean>
 	
 	<bean id="articleManageAction" class="com.cc.company.action.ArticleManageAction" scope="prototype">
 		<property name="articleService">
 			<ref bean="articleService"/>
 		</property>
 	</bean>
 </beans>