<?xml version="1.0" encoding="utf-8"?>
<!DOCTYPE hibernate-mapping PUBLIC "-//Hibernate/Hibernate Mapping DTD 3.0//EN"
"http://hibernate.sourceforge.net/hibernate-mapping-3.0.dtd">
<!-- Mapping file autogenerated by MyEclipse Persistence Tools -->
<hibernate-mapping>
	<class name="com.cc.company.domain.Admin" dynamic-insert="true" dynamic-update="true">
		<id name="adminName" type="java.lang.String" >
			<column name="adminName" />
			<generator class="assigned" />
		</id>
		
	
		
		<property name="pwd" type="java.lang.String" length="20">
			<column name="pwd" />
		</property>
		
		

		
	</class>
</hibernate-mapping>
