<?xml version="1.0" encoding="utf-8"?>
<!DOCTYPE hibernate-mapping PUBLIC "-//Hibernate/Hibernate Mapping DTD 3.0//EN"
"http://hibernate.sourceforge.net/hibernate-mapping-3.0.dtd">
<!-- Mapping file autogenerated by MyEclipse Persistence Tools -->
<hibernate-mapping>
	<class name="com.cc.company.domain.Article" dynamic-insert="true" dynamic-update="true">
		<id name="aid" type="java.lang.Integer" >
			<column name="aid" />
			<generator class="increment" />
		</id>
		
		<property name="atitle" type="java.lang.String">
			<column name="atitle" />
		</property>
		
		<property name="acontent" type="java.lang.String" >
			<column name="acontent" />
		</property>
		
		<property name="atime" type="java.util.Date" >
			<column name="atime" />
		</property>

		
	</class>
</hibernate-mapping>
