<?xml version="1.0" encoding="utf-8"?>
<!DOCTYPE hibernate-mapping PUBLIC "-//Hibernate/Hibernate Mapping DTD 3.0//EN"
"http://hibernate.sourceforge.net/hibernate-mapping-3.0.dtd">
<!-- Mapping file autogenerated by MyEclipse Persistence Tools -->
<hibernate-mapping>
	<class name="com.cc.company.domain.CompanyInfo" dynamic-insert="true" dynamic-update="true">
		<id name="cid" type="java.lang.Integer" >
			<column name="cid" />
			<generator class="increment" />
		</id>
		
		<property name="phone" type="java.lang.String" >
			<column name="phone" />
		</property>
		
		<property name="email" type="java.lang.String" >
			<column name="email" />
		</property>
		
		
		<property name="location" type="java.lang.String" >
			<column name="location" />
		</property>
		
		
		<property name="cdesc" type="java.lang.String" >
			<column name="cdesc" />
		</property>
		
		

		
	</class>
</hibernate-mapping>
