<?xml version="1.0" encoding="utf-8"?>
<!DOCTYPE hibernate-mapping PUBLIC "-//Hibernate/Hibernate Mapping DTD 3.0//EN"
"http://hibernate.sourceforge.net/hibernate-mapping-3.0.dtd">
<!-- Mapping file autogenerated by MyEclipse Persistence Tools -->
<hibernate-mapping>
	<class name="com.cc.company.domain.Message" dynamic-insert="true" dynamic-update="true">
		<id name="mid" type="java.lang.Integer" >
			<column name="mid" />
			<generator class="increment" />
		</id>
		
		<property name="name" type="java.lang.String">
			<column name="name" />
		</property>
		
		<property name="phone" type="java.lang.String" >
			<column name="phone" />
		</property>
		
		<property name="email" type="java.lang.String" >
			<column name="email" />
		</property>
		
		<property name="mcontent" type="java.lang.String" >
			<column name="mcontent" />
		</property>
		
		<property name="mtime" type="java.util.Date" >
			<column name="mtime" />
		</property>

		
	</class>
</hibernate-mapping>
