<?xml version="1.0" encoding="utf-8"?>
<!DOCTYPE hibernate-mapping PUBLIC "-//Hibernate/Hibernate Mapping DTD 3.0//EN"
"http://hibernate.sourceforge.net/hibernate-mapping-3.0.dtd">
<!-- Mapping file autogenerated by MyEclipse Persistence Tools -->
<hibernate-mapping>
	<class name="com.cc.company.domain.Notice" dynamic-insert="true" dynamic-update="true">
		<id name="nid" type="java.lang.Integer" >
			<column name="nid" />
			<generator class="increment" />
		</id>
		
		<property name="ntitle" type="java.lang.String">
			<column name="ntitle" />
		</property>
		
		<property name="ncontent" type="java.lang.String" >
			<column name="ncontent" />
		</property>
		
		<property name="ntime" type="java.util.Date" >
			<column name="ntime" />
		</property>

		
	</class>
</hibernate-mapping>
