<?xml version="1.0" encoding="utf-8"?>
<!DOCTYPE hibernate-mapping PUBLIC "-//Hibernate/Hibernate Mapping DTD 3.0//EN"
"http://hibernate.sourceforge.net/hibernate-mapping-3.0.dtd">
<!-- Mapping file autogenerated by MyEclipse Persistence Tools -->
<hibernate-mapping>
	<class name="com.cc.company.domain.ProductInfo" dynamic-insert="true" dynamic-update="true">
		<id name="pid" type="java.lang.Integer">
			<column name="pid" />
			<generator class="increment" />
		</id>
		
		<property name="pname" type="java.lang.String">
			<column name="pname" />
		</property>
		
		<property name="pdesc" type="java.lang.String" >
			<column name="pdesc" />
		</property>
		
		<property name="img" type="java.lang.String" >
			<column name="img" />
		</property>
		

		
	</class>
</hibernate-mapping>
