<?xml version="1.0" encoding="utf-8"?>
<!DOCTYPE hibernate-mapping PUBLIC "-//Hibernate/Hibernate Mapping DTD 3.0//EN"
"http://hibernate.sourceforge.net/hibernate-mapping-3.0.dtd">
<!-- Mapping file autogenerated by MyEclipse Persistence Tools -->
<hibernate-mapping>
	<class name="com.cc.company.domain.User" dynamic-insert="true" dynamic-update="true">
		<id name="userId" type="java.lang.Integer">
			<column name="userId" />
			<generator class="increment" />
		</id>
		
		<property name="username" type="java.lang.String" length="20">
			<column name="username" />
		</property>
		
		
		<property name="pwd" type="java.lang.String" length="20">
			<column name="pwd" />
		</property>
		
		
		<property name="state" type="java.lang.Integer">
			<column name="state" default="0"/>
		</property>
		

		
	</class>
</hibernate-mapping>
