<?xml version="1.0" encoding="UTF-8"?>
<!DOCTYPE struts PUBLIC
	"-//Apache Software Foundation//DTD Struts Configuration 2.1.7//EN"
	"http://struts.apache.org/dtds/struts-2.1.7.dtd">
<struts>
  <package name="user" extends="struts-default" namespace="/">
  	<action name="userAction_*" method="{1}" class="userAction">
  		<result name="logout" type="redirect">/userLogin.jsp</result>
  	</action>
  </package>
  
  <package name="userPwd" extends="struts-default" namespace="/user">
  	<action name="userAction_*" method="{1}" class="userAction">
  	</action>
  </package>

  
</struts>	