<?xml version="1.0" encoding="UTF-8"?>
<!DOCTYPE struts PUBLIC
	"-//Apache Software Foundation//DTD Struts Configuration 2.1.7//EN"
	"http://struts.apache.org/dtds/struts-2.1.7.dtd">
<struts>
  <package name="fileUpload" extends="struts-default" namespace="/admin">
  	<action name="fileUploadAction_*" method="{1}" class="fileUploadAction">

  	</action>
  </package>
  
	<package name="userFileUpload" extends="struts-default" namespace="/user">
  	<action name="fileUploadAction_*" method="{1}" class="fileUploadAction">

  	</action>
  </package>
  
</struts>	