<?xml version="1.0" encoding="UTF-8"?>
<!DOCTYPE struts PUBLIC
	"-//Apache Software Foundation//DTD Struts Configuration 2.1.7//EN"
	"http://struts.apache.org/dtds/struts-2.1.7.dtd">
<struts>
  <package name="companyInfo" extends="struts-default" namespace="/admin">
  	<action name="companyInfoAction_*" method="{1}" class="companyInfoAction">
  	<result name="success">companyInfoManage.jsp</result>
  	</action>
  </package>
  
<package name="userCompanyInfo" extends="struts-default" namespace="/user">
  	<action name="companyInfoAction_*" method="{1}" class="companyInfoAction">
  	<result name="success">companyInfoManage.jsp</result>
  	</action>
  </package>
  
  
</struts>	